model,source,blocks,triangles,textures
fuel_barrel__jc2_barrel_a_lod1,C:\Users\Admin\Downloads\JCtools\files\editor\entities\jc_environments\structures\military\elements\fuel_barrel.ee:models/jc_environments/props/barrel/jc2_barrel_a_lod1.rbm,1,402,1
fuel_barrel__fuel_barrel_debris_part_1_lod1,C:\Users\Admin\Downloads\JCtools\files\editor\entities\jc_environments\structures\military\elements\fuel_barrel.ee:models/jc_environments/structures/military/elements/fuel_barrel/fuel_barrel_debris_part_1_lod1.rbm,1,264,1
fuel_barrel__fuel_barrel_debris_part_3_lod1,C:\Users\Admin\Downloads\JCtools\files\editor\entities\jc_environments\structures\military\elements\fuel_barrel.ee:models/jc_environments/structures/military/elements/fuel_barrel/fuel_barrel_debris_part_3_lod1.rbm,1,84,1
fuel_barrel__fuel_barrel_debris_part_2_lod1,C:\Users\Admin\Downloads\JCtools\files\editor\entities\jc_environments\structures\military\elements\fuel_barrel.ee:models/jc_environments/structures/military/elements/fuel_barrel/fuel_barrel_debris_part_2_lod1.rbm,1,64,1
fuel_barrel__fuel_barrel_debris_part_4_lod1,C:\Users\Admin\Downloads\JCtools\files\editor\entities\jc_environments\structures\military\elements\fuel_barrel.ee:models/jc_environments/structures/military/elements/fuel_barrel/fuel_barrel_debris_part_4_lod1.rbm,1,56,1
antenna_base__antenna_addon_base_lod1,C:\Users\Admin\Downloads\JCtools\files\editor\entities\jc_environments\structures\military\elements\antennas\antenna_base.ee:models/jc_environments/structures/military/elements/antennas/antenna_addon_base_lod1.rbm,1,54,1
antenna_base__antenna_addon_base_debris_lod1,C:\Users\Admin\Downloads\JCtools\files\editor\entities\jc_environments\structures\military\elements\antennas\antenna_base.ee:models/jc_environments/structures/military/elements/antennas/antenna_addon_base_debris_lod1.rbm,1,12,1
propaganda_trailer__propaganda_trailer_projector_a_dest_b_lod1,C:\Users\Admin\Downloads\JCtools\files\editor\entities\jc_environments\structures\military\propaganda\propaganda_trailer.ee:models/jc_environments/structures/military/propaganda/propaganda_trailer_a/propaganda_trailer_projector_a_dest_b_lod1.rbm,2,7336,2
propaganda_trailer__propaganda_trailer_base_lod1,C:\Users\Admin\Downloads\JCtools\files\editor\entities\jc_environments\structures\military\propaganda\propaganda_trailer.ee:models/jc_environments/structures/military/propaganda/propaganda_trailer_a/propaganda_trailer_base_lod1.rbm,1,3240,1
propaganda_trailer__flatbed_chassis_lod1,C:\Users\Admin\Downloads\JCtools\files\editor\entities\jc_environments\structures\military\propaganda\propaganda_trailer.ee:models/jc_environments/props/military/flatbed/flatbed_chassis_lod1.rbm,2,2858,2
propaganda_trailer__flatbed_front_connector_lod1,C:\Users\Admin\Downloads\JCtools\files\editor\entities\jc_environments\structures\military\propaganda\propaganda_trailer.ee:models/jc_environments/props/military/flatbed/flatbed_front_connector_lod1.rbm,3,898,3
propaganda_trailer__propaganda_trailer_projector_a_dest_a_lod1,C:\Users\Admin\Downloads\JCtools\files\editor\entities\jc_environments\structures\military\propaganda\propaganda_trailer.ee:models/jc_environments/structures/military/propaganda/propaganda_trailer_a/propaganda_trailer_projector_a_dest_a_lod1.rbm,1,1120,1
propaganda_trailer__flatbed_front_axel_lod1,C:\Users\Admin\Downloads\JCtools\files\editor\entities\jc_environments\structures\military\propaganda\propaganda_trailer.ee:models/jc_environments/props/military/flatbed/flatbed_front_axel_lod1.rbm,2,896,2
propaganda_trailer__flatbed_wheel_alloy_lod1,C:\Users\Admin\Downloads\JCtools\files\editor\entities\jc_environments\structures\military\propaganda\propaganda_trailer.ee:models/jc_environments/props/military/flatbed/flatbed_wheel_alloy_lod1.rbm,1,944,1
propaganda_trailer__debris_wheel_debri01_lod1,C:\Users\Admin\Downloads\JCtools\files\editor\entities\jc_environments\structures\military\propaganda\propaganda_trailer.ee:models/jc_vehicles/00_shared/vehicle_debris/debris_wheel_debri01_lod1.rbm,1,408,1
propaganda_trailer__propaganda_trailer_panel_front_lod1,C:\Users\Admin\Downloads\JCtools\files\editor\entities\jc_environments\structures\military\propaganda\propaganda_trailer.ee:models/jc_environments/structures/military/propaganda/propaganda_trailer_a/propaganda_trailer_panel_front_lod1.rbm,1,466,1
propaganda_trailer__flatbed_rear_axel_lod1,C:\Users\Admin\Downloads\JCtools\files\editor\entities\jc_environments\structures\military\propaganda\propaganda_trailer.ee:models/jc_environments/props/military/flatbed/flatbed_rear_axel_lod1.rbm,2,552,2
propaganda_trailer__flatbed_wheel_lod1,C:\Users\Admin\Downloads\JCtools\files\editor\entities\jc_environments\structures\military\propaganda\propaganda_trailer.ee:models/jc_environments/props/military/flatbed/flatbed_wheel_lod1.rbm,1,590,1
propaganda_trailer__propaganda_trailer_panel_r_lod1,C:\Users\Admin\Downloads\JCtools\files\editor\entities\jc_environments\structures\military\propaganda\propaganda_trailer.ee:models/jc_environments/structures/military/propaganda/propaganda_trailer_a/propaganda_trailer_panel_r_lod1.rbm,1,238,1
propaganda_trailer__propaganda_trailer_panel_l_lod1,C:\Users\Admin\Downloads\JCtools\files\editor\entities\jc_environments\structures\military\propaganda\propaganda_trailer.ee:models/jc_environments/structures/military/propaganda/propaganda_trailer_a/propaganda_trailer_panel_l_lod1.rbm,1,232,1
propaganda_trailer__propaganda_trailer_door_rear_r_lod1,C:\Users\Admin\Downloads\JCtools\files\editor\entities\jc_environments\structures\military\propaganda\propaganda_trailer.ee:models/jc_environments/structures/military/propaganda/propaganda_trailer_a/propaganda_trailer_door_rear_r_lod1.rbm,1,348,1
propaganda_trailer__propaganda_trailer_door_rear_l_lod1,C:\Users\Admin\Downloads\JCtools\files\editor\entities\jc_environments\structures\military\propaganda\propaganda_trailer.ee:models/jc_environments/structures/military/propaganda/propaganda_trailer_a/propaganda_trailer_door_rear_l_lod1.rbm,1,348,1
propaganda_trailer__propaganda_trailer_wing_side_lod1,C:\Users\Admin\Downloads\JCtools\files\editor\entities\jc_environments\structures\military\propaganda\propaganda_trailer.ee:models/jc_environments/structures/military/propaganda/propaganda_trailer_a/propaganda_trailer_wing_side_lod1.rbm,1,274,1
propaganda_trailer__debris_wheel_debri02_lod1,C:\Users\Admin\Downloads\JCtools\files\editor\entities\jc_environments\structures\military\propaganda\propaganda_trailer.ee:models/jc_vehicles/00_shared/vehicle_debris/debris_wheel_debri02_lod1.rbm,1,176,1
propaganda_trailer__propaganda_trailer_panel_rear_lod1,C:\Users\Admin\Downloads\JCtools\files\editor\entities\jc_environments\structures\military\propaganda\propaganda_trailer.ee:models/jc_environments/structures/military/propaganda/propaganda_trailer_a/propaganda_trailer_panel_rear_lod1.rbm,1,160,1
propaganda_trailer__propaganda_trailer_electrical_01_lod1,C:\Users\Admin\Downloads\JCtools\files\editor\entities\jc_environments\structures\military\propaganda\propaganda_trailer.ee:models/jc_environments/structures/military/propaganda/propaganda_trailer_a/propaganda_trailer_electrical_01_lod1.rbm,1,148,1
propaganda_trailer__propaganda_trailer_electrical_02_lod1,C:\Users\Admin\Downloads\JCtools\files\editor\entities\jc_environments\structures\military\propaganda\propaganda_trailer.ee:models/jc_environments/structures/military/propaganda/propaganda_trailer_a/propaganda_trailer_electrical_02_lod1.rbm,1,232,1
propaganda_trailer__propaganda_trailer_roof_lod1,C:\Users\Admin\Downloads\JCtools\files\editor\entities\jc_environments\structures\military\propaganda\propaganda_trailer.ee:models/jc_environments/structures/military/propaganda/propaganda_trailer_a/propaganda_trailer_roof_lod1.rbm,2,126,2
propaganda_trailer__propaganda_trailer_wing_front_dest_hatch_lod1,C:\Users\Admin\Downloads\JCtools\files\editor\entities\jc_environments\structures\military\propaganda\propaganda_trailer.ee:models/jc_environments/structures/military/propaganda/propaganda_trailer_a/propaganda_trailer_wing_front_dest_hatch_lod1.rbm,1,96,1
propaganda_trailer__propaganda_trailer_wing_front_dest_lod1,C:\Users\Admin\Downloads\JCtools\files\editor\entities\jc_environments\structures\military\propaganda\propaganda_trailer.ee:models/jc_environments/structures/military/propaganda/propaganda_trailer_a/propaganda_trailer_wing_front_dest_lod1.rbm,1,32,1
radar_dish_hero_dish_destruct_lod1,C:\Users\Admin\Downloads\JCtools\files\models\jc_environments\structures\military\radar_dish\radar_dish_hero_dish_destruct_lod1.rbm,5,17394,2
