name,namespace,hash,returns,params,verified
PLAYER_PED_ID,PLAYER,0xD80958FC74E988A6,Ped,,yes
GET_ENTITY_COORDS,ENTITY,0x3FEF770D40960D5A,Vector3,Entity e;BOOL alive,yes
GET_ENTITY_VELOCITY,ENTITY,0x4805D2B1D8CF94A9,Vector3,Entity e,yes
SET_ENTITY_VELOCITY,ENTITY,0x1C99BB7B6E96D16F,void,Entity e;float x;float y;float z,yes
APPLY_FORCE_TO_ENTITY,ENTITY,0xC5F68BE9613E2D18,void,Entity e;int type;float x;float y;float z;float ox;float oy;float oz;int bone;BOOL rel;BOOL ignoreUp;BOOL isForce;BOOL p12;BOOL p13,yes
IS_ENTITY_IN_AIR,ENTITY,0x886E37EC497200B6,BOOL,Entity e,yes
GET_GAMEPLAY_CAM_COORD,CAM,0x14D6F5678D8F1B37,Vector3,,yes
GET_GAMEPLAY_CAM_ROT,CAM,0x837765A25378F0BB,Vector3,int order,yes
START_EXPENSIVE_SYNCHRONOUS_SHAPE_TEST_LOS_PROBE,SHAPETEST,0x377906D8A31E5586,int,float x1;float y1;float z1;float x2;float y2;float z2;int flags;Entity ignore;int p8,yes
GET_SHAPE_TEST_RESULT,SHAPETEST,0x3D87450E15D98694,int,int handle;BOOL* hit;Vector3* end;Vector3* normal;Entity* ent,yes
IS_CONTROL_PRESSED,PAD,0xF3A21BCD95725A4A,BOOL,int pad;int control,yes
IS_CONTROL_JUST_PRESSED,PAD,0x580417101DDB492F,BOOL,int pad;int control,yes
GET_PED_PARACHUTE_STATE,PED,0x79CFD9827CC979B6,int,Ped p,yes
GIVE_WEAPON_TO_PED,WEAPON,0xBF0FD6E56C964FCB,void,Ped p;Hash w;int ammo;BOOL hidden;BOOL equip,yes
ADD_EXPLOSION,FIRE,0xE3AD2BDBAEE269AC,void,float x;float y;float z;int type;float dmg;BOOL audible;BOOL invisible;float shake;BOOL noDamage,yes
DRAW_LINE,GRAPHICS,0x6B7256074AE34680,void,float x1;float y1;float z1;float x2;float y2;float z2;int r;int g;int b;int a,yes
GET_FINAL_RENDERED_CAM_COORD,CAM,0xA200EB1EE790F448,Vector3,,yes
GET_FINAL_RENDERED_CAM_ROT,CAM,0x5B4E4C817FCC2DFB,Vector3,int order,yes
GET_FINAL_RENDERED_CAM_FOV,CAM,0x80EC114669DAEFF4,float,,yes
GET_ENTITY_FORWARD_VECTOR,ENTITY,0x0A794A5A57F8DF91,Vector3,Entity e,yes
SET_ENTITY_VISIBLE,ENTITY,0xEA1C610A04DB6BBB,void,Entity e;BOOL visible;BOOL p2,yes
